60,51409707,51409909
59,32103052,32103254,38799857,51410111,51410212,63408204,102243815
58,32103153,38799453,38799554,38799655,39021350,39021451,42476055,51409606,51409808,51410010,51410313,51410515,55882189,55882391,63407901,63408103,63408305,67094300,67094401,75992905,75993107,90370457,98479242,102243714
57,2876379,6172716,8575102,10721352,16121317,30384537,32102951,32103355,32390094,32390195,32390296,32390397,32390599,32390902,32391205,34704509,34704610,34704711,35213044,35213145,38178505,38798948,38799049,38799251,38799352,38799756,39021148,39021249,39021552,39930956,42475954,42476156,45704924,45705025,45705126,45705227,46323145,47382029,51409505,51410616,54505256,55386683,55881381,55881987,55882290,55882492,58278616,58279020,59926330,63407396,63407800,63408002,67093896,67255900,70331653,74782117,74782218,74782319,74782420,74782521,75993006,76101480,77913925,78909583,78909684,83949281,87589220,90370255,90370558,91352076,91352278,91762540,94055745,94056048,94149978,94150079,94501862,94501963,95328951,97227448,98479141,98479343,100651247,100651550,102243613,102243916
56,25553,2883651,3566007,3566108,6172615,6172918,7512481,8320481,8575001,8575203,8575304,8575405,8575607,8576011,8576112,10721150,10721251,10924160,13180702,13180803,13180904,13181005,13181106,16121216,16121418,16121519,16653890,17244336,17244437,17244538,17244639,18316552,19755297,19755600,19755701,19755802,20981235,24376552,25167887,26424529,26424630,26425539,27667435,28604715,29890849,30384638,30385143,32102749,32102850,32103456,32389892,32389993,32390498,32390700,32390801,32391104,33582601,33582702,35212943,35904288,36343133,38178303,38178404,38178606,38799150,38799958,38800059,38837833,39020744,39020845,39021047,39021653,39845308,39931057,42412425,42412526,42476257,45586047,45705328,46323044,46323246,46323347,46323448,46848446,47381928,47382130,50789668,51362944,51363348,51409404,51410414,53613022,53872592,53872693,54505155,55386784,55387996,55881280,55881482,55881583,55881684,55882088,55882593,56924307,57063081,58278717,58278818,58278919,58279121,58279222,58279424,59926431,59926532,59926633,60551520,60552025,60552126,60552328,61158530,62260440,62260541,63407295,63407497,63407598,63407699,63408406,67093997,67094098,67094199,67094906,67255799,67256001,67256304,67824126,67824833,67824934,68418612,70331148,70331350,70331552,70331754,72760400,72760602,72760703,75852414,75992804,75993208,76101278,76101379,76101581,76499319,76499420,77913824,78909280,78909482,78909785,78938065,79202685,79629814,80961095,80961297,83949180,83949382,83949685,84166532,84440343,84440545,84440646,84440747,84666987,87589321,87589523,87589725,88129368,88129772,89387424,89609523,89623865,90370053,90370154,90370356,90370659,91351470,91352177,91762641,91762742,91762843,92121595,94055846,94055947,94056149,94056250,94149877,94150180,94150281,95328345,95328850,96839204,98603270,98603472,99549539,100651348,100651449,101591557,101591759,101591961,102243512,102244017,102244118,102244320,102526918,104794267
55,25351,25654,25755,2737706,2812648,2819415,2876480,2876581,2884156,3426021,3565906,3566310,3566411,3604892,3673875,4542677,5472786,6172817,6173019,6876686,6877393,7512178,7512279,7512380,8319673,8320279,8320380,8320582,8320683,8574597,8574900,8575506,8575708,8575809,8575910,8576213,8686101,8686202,10720746,10721049,10721453,10807404,10923453,10923857,10923958,10924059,10924261,10924362,10924463,11444916,11445017,11445118,11445219,11696911,11894669,13181207,13181308,14680451,14680552,14748424,15338365,15617024,15718933,15826195,16121115,16324630,16324832,16391290,16391391,16391593,16653789,16653991,16731761,16731862,16731963,16732064,16732165,17126772,17126873,17244740,17244841,17244942,17254436,18316451,18316653,18789232,18789333,18789535,19282213,19755196,19755398,19755499,19755903,20062135,20062236,20117988,20148490,20273629,20327159,20327260,21713485,22960431,23303629,23303730,24376350,24376451,24480077,24480279,24480380,24480582,25167988,25168998,26288381,26413015,26424428,26424731,26424832,26425135,26425438,26943366,26943568,27108198,27388069,27388372,27388473,27388574,27595725,27667334,27836610,27928621,27928722,28506442,28604513,28604614,28604816,28604917,29847621,29847722,29847823,29847924,29890748,29891253,30089920,30384133,30384335,30384436,30436350,30436451,31040229,31695315,32102446,32102648,32389791,32391003,32391306,32391407,33582500,33582803,34306266,34443424,34447969,34448070,34448171,34703903,34704206,34704307,34704408,34704812,34705216,34705317,34705418,35213246,35213347,35213549,35213650,35213751,35905399,36071443,36342426,36342830,36343234,37854396,37983070,38178202,38798746,38798847,38800160,38800362,38800463,38800564,38837732,38878738,38878839,38878940,38879041,38879142,38879344,38879445,39020643,39020946,39021754,39462518,39462619,39845106,39845207,39930754,39930855,39931158,39931259,39986304,39986405,40188910,40406363,40406464,40406565,40406666,40406767,40406868,42326979,42373742,42374045,42374247,42412324,42412728,42413334,42475752,42475853,42476358,42835918,45615438,45704823,45705429,46031659,46031861,46323549,46847941,46848042,46848143,46848244,46848345,47172353,47172454,47172555,47381827,47449699,48630591,49118320,49119027,49305170,49733410,49733511,49733915,50789466,50789567,50789769,50789870,50789971,51362843,51363247,51363449,51371024,51410717,51630695,51630796,53490408,53612820,53612921,53613123,53613224,53872794,54505054,54505357,55259928,55289925,55386582,55387491,55387592,55387693,55387895,55388097,55388198,55388400,55880674,55880775,55881886,55882694,56924206,57062980,57063182,57547073,58278515,58279323,58279525,58279626,58451932,58486979,58487383,58487585,58487686,58611714,58961578,58961679,59352145,59786950,59787152,59925926,59926027,59926128,59926229,59926734,60551621,60551722,60551823,60551924,60552227,60552429,61158429,61634846,61635149,62260137,62260238,62260339,62260642,63407194,63589802,63589903,63590105,63590206,65117124,65752616,65877856,65877957,65878260,67093492,67094502,67094603,67094704,67095007,67095310,67095411,67256102,67256203,67256405,67602027,67602128,67824227,67824429,67824732,68270647,68270748,68270849,68270950,68418713,68749690,68749791,69358114,69358316,69358417,69358518,69359023,69672527,69941490,69941692,70038652,72417707,72418111,72760299,72760501,72760804,74478107,74546888,74781814,74782016,74782622,74782723,75852515,75852717,75925235,75925336,75993410,75993511,76026942,76101177,76101682,76405692,76406803,76406904,76498309,76499117,76499218,76794946,76795350,77913723,77914026,78344084,78344185,78344286,78344387,78909381,78909886,78938267,79189656,79190161,79190262,79202483,79202584,79336409,79336510,79783031,80960994,80961196,80961398,81440643,81440946,82980994,83267834,83396609,83396710,83949079,83949483,84166431,84439535,84439939,84440040,84440242,84440444,84440848,84483571,84483672,84667088,84762937,86098359,87589422,87589624,87624166,87663152,87927469,87927570,87927671,88129469,88129570,88129671,88129873,88130277,88796271,89387323,89387525,89462669,89624067,90369952,90370760,91217039,91351369,91351773,91351975,91352379,91762944,91764257,91816373,91816474,92121494,92121696,92726686,93437120,94055644,94056452,94056553,94056755,94150483,94150584,94150685,94501357,94501458,94501559,94501761,94502064,95135536,95135637,95169270,95169371,95328244,95328446,95328749,95329052,95426113,95426214,95426315,95426921,95899803,96838800,96838901,96839103,96839305,97227347,97227549,97227650,97227751,97227852,97387028,97387129,98479444,98587514,98602563,98602664,98603371,98603573,98603674,98603775,99264012,99549438,99549640,99664477,100353196,100353297,100650742,100650843,100651045,100651146,100651651,101591658,101591860,102243108,102243310,102243411,102244219,102374711,102374913,102526211,102526312,103688115
54,25250,25452,735886,1784468,1978792,2737403,2737504,2737605,2812244,2812446,2812547,2812749,2876278,2883752,2883853,2884055,2884257,2884358,3425718,3426122,3565805,3566209,3566512,3566714,3604791,3604993,3605094,3673572,3673673,3673774,3673976,3674077,3674481,3674582,3674683,3674784,4383501,4398853,4406731,4542778,4543182,4543283,4747000,4838102,4899106,5472685,5497329,5836689,5837598,5837699,5837901,6172211,6172312,6172514,6777504,6778009,6872242,6876787,6876888,6877191,6877292,7511774,7511875,8319572,8319774,8319875,8319976,8320077,8320178,8574698,8574799,8641964,8642368,8642469,8642570,8642671,8642772,8642873,8642974,8685495,8685596,8686000,8686303,8686404,8998797,9412796,9412998,9413200,9596515,9596616,9596717,9782153,9782254,9782355,10204232,10720847,10720948,10807303,10864267,10922645,18211209,18211512,18211613,18211714,18211815,18316350,18316754,18316855,18316956,18501382,18789131,18789737,18789838,18790040,18868113,18868315,18868820,18868921,19054357,19282314,19282415,19282617,19283122,19283324,19283425,19530067,19643692,19756004,19756105,20061731,20061832,20061933,20062034,20062337,20062640,20062741,20062842,20117786,20117887,20148591,20148692,20326957,20327058,20591678,20723584,20723685,20980427,20980831,20981033,20981134,20981336,21235755,21235856,21236361,21236462,21236563,21713283,21713384,21713586,22833777,22834383,22960229,22960330,22960532,23303528,23303932,23304033,23304134,23304235,23619557,23619658,23620163,23620466,23862967,24375744,24376148,24376249,24376653,24480178,24480481,24485531,25167079,25167180,25167786,25168089,25168190,25168392,25168493,25168594,25168796,25168897,25169099,25438365,25526235,25526336,25526437,25526639,25770655,26286664,26286765,35574826,35584118,35904187,35904389,35904490,35905197,35905298,36071342,36341719,36341820,36342325,36342527,36342628,36342729,36342931,36343032,36824196,37288291,37288392,37585635,37585736,37810966,37854497,37883080,37982969,38018218,38018319,38018420,38178101,38178707,38271223,38277485,38368284,38691484,38800261,38800665,38800766,38837934,38838035,38838136,38878334,38878435,38878536,38878637,38879243,38879546,39021855,39230117,39462013,39462215,39462316,39462417,39467164,39675830,39775618,39775719,39845005,39845409,39845712,39931360,39986506,39986607,39996404,40008019,40008120,40157701,40158408,40189011,40189112,40189213,40189314,40189617,40406161,40406969,40407272,40407373,40430704,40430805,40575538,41241027,41588467,41970449,41970550,41970651,42169015,42326878,42327080,42327181,42373439,42373641,42373843,42373944,42374146,42412627,42412829,42413233,42413435,42476459,42767440,42794508,53490105,53490206,53490307,53612416,53612618,53612719,53613325,53737050,53872895,53872996,54047221,54505761,54732708,54882693,55259827,55260029,55260130,55289824,55386481,55386885,55386986,55387188,55387289,55387390,55387794,55388299,55388501,55400015,55400116,55400217,55400318,55422740,55424558,55424659,55497076,55497177,55497278,55506570,55506671,55880573,55880876,55881179,55881785,55882795,55882896,55882997,55967837,56924004,56924105,56924408,56940871,56941578,57062879,57265283,57265384,57546972,57547174,57727560,57727661,57728065,58026419,58026520,58026722,58142468,58142569,58279727,58451831,58452033,58452235,58452336,58452437,58452538,58487080,58487282,58487484,58570910,58571112,58659083,58961780,58961881,59026420,59026521,59026622,59093080,59093181,59093383,59262255,59262962,59263063,59263164,59263467,59263568,59352044,59352246,59352549,59786546,59786647,59786748,59786849,59787051,70688789,70761206,71387507,71387608,71393264,71492345,71492446,71492648,71553147,72417505,72417606,72417808,72417909,72607183,72760905,72761208,72761309,72800295,73445584,74223284,74223385,74223486,74223688,74276612,74276713,74276814,74477703,74477905,74478006,74478208,74546787,74546989,74547090,74547191,74622234,74623143,74692328,74692429,74781612,74781713,74781915,74782824,74782925,74964624,74964725,75103095,75103196,75213589,75475280,75852313,75852616,75852818,75972907,75981492,75992703,75993309,76026538,76026639,76026740,76026841,76027043,76033810,76034517,76034618,76101076,76156929,76157030,76157232,76157333,76157535,76157636,76157737,76158040,76375291,76375594,76375695,76405389,76405490,76405591,76406500,76406702,76498006,76498208,76498410,76498511,76499521,76620923,76621024,76794744,76794845,76795047,76795148,76795451,77123095,77123297,77123398,77123499,77137134,77137235,77913117,88671839,88796170,88796372,88968072,89226228,89226329,89386919,89462770,89462871,89608917,89609321,89609422,89609624,89609927,89623764,89623966,89624168,89726380,90369851,90370861,91102202,91102303,91102404,91102909,91103010,91216837,91216938,91217140,91217746,91217948,91351672,91351874,91352480,91352581,91352783,91762439,91763247,91763651,91764156,91764358,91764459,91816575,92121797,92312485,92726585,93437019,93437221,93437322,93437423,93437928,93438029,93438130,93438231,93987267,94031000,94055543,94056351,94056654,94056856,94149776,94150382,94184823,94501155,94501660,94502165,94502266,94502367,94602054,94602155,94602256,94602357,94602458,94602761,95135435,95135738,95135839,95169169,95327436,95327537,95327941,95328547,95328648,95329153,95370664,95370866,95426012,95426416,95426517,95426618,95426719,95427022,95427123,95566099,95854757,95854858,95861726,95861827,95899601,96246132,96246233
53,25856,25957,26058,257954,258257,285224,327341,327442,327543,538532,538835,679023,679326,773357,773458,773559,797900,943643,943744,1554895,1554996,1555198,1664278,1784367,1784569,1960814,1961218,1978691,1978893,2199780,2200184,2737807,2812042,2812143,2812345,2819314,2834464,2876076,2876177,2876682,2883045,2883146,2883247,2883348,2883550,2883954,2884459,3383399,3425516,3425819,3425920,3426223,3579945,3604690,3605195,3674380,3683672,3683773,3687106,3768310,3981319,4058887,4074138,4191702,4191803,4191904,4192005,4383400,4383602,4397439,4398247,4398348,4398449,4398550,4398651,4398752,4399055,4406024,4406529,4406630,4542172,4542273,4542374,4542475,4542576,4543081,4616104,4616407,4616811,4616912,4617013,4746899,4747101,4747303,4837900,4838001,4838203,4838304,4838405,4838506,17861648,18211108,18211310,18298877,18317057,18369779,18369880,18370082,18425329,18425430,18425531,18429268,18429369,18431086,18431187,18501281,18501483,18501584,18501685,18501786,18502493,18562487,18562588,18666517,18788424,18788525,18788626,18788727,18788828,18789030,18789434,18789636,18789939,18790141,18790242,18795696,18795797,18868214,18868416,18868517,18868618,18868719,18921643,19054458,19054761,19054862,19092434,19113139,19281304,19281506,19281708,19281910,19282112,19282516,19282718,19282819,19282920,19283021,19283223,19393414,19456337,19456438,19456741,19466033,19466235,19505120,19505221,19529764,19529865,19529966,19643389,19643591,19644399,19749843,19755095,19889728,20061529,20061630,20062438,20075871,20118089,20118190,20146672,20148086,20148288,20148389,20148793,20273528,20273730,20327361,20327563,20504414,20591375,20591476,20591577,20591779,20642582,20642683,20642784,20723786,35318791,35574321,35574523,35574624,35584017,35584219,35692693,35883785,35883886,35883987,35903985,35904086,35904995,35905096,35905500,35956000,36052556,36071544,36174059,36246981,36341921,36342123,36342224,36343335,36558667,36823388,36823489,36823691,36823792,36823893,36823994,36824095,36824297,36824398,36824499,37156587,37156688,37156789,37288089,37288493,37288897,37289099,37289200,37289301,37351820,37448578,37493321,37493422,37493523,37584625,37584928,37585029,37810865,37854598,37868334,37868435,37868536,37868637,37868738,37868839,37868940,37882878,37882979,37883181,37883282,37883383,37883484,37883585,37884494,37884797,37982767,37982868,37983171,37983272,37983373,37983474,37983575,38018117,38019026,38177798,38177899,38178000,38271021,38271122,38271324,38271526,38277283,38277384,38277586,38277687,38277889,38368183,38368385,38368486,38609573,38691383,38691585,38798645,38800867,38837328,53033888,53034090,53034191,53034292,53034393,53153169,53490509,53612517,53613426,53613830,53735838,53735939,53736040,53736949,53737151,53737252,53872491,53873097,53873198,53873400,53926223,53926425,54001771,54047019,54047120,54047322,54411831,54411932,54412033,54504751,54505458,54505559,54505660,54505862,54505963,54732506,54732607,54732809,54882794,54939657,54940061,54940263,55169028,55169634,55258211,55258312,55258413,55260231,55260332,55260433,55289723,55290026,55386380,55387087,55399813,55399914,55400621,55400722,55400823,55422639,55422841,55424255,55424457,55424760,55424962,55495864,55495965,55496470,55496874,55496975,55506469,55506772,55519498,55519599,55519700,55722811,55722912,55723013,55723114,55880977,55883098,55883199,55883401,55883502,55966524,55966625,55967130,55967938,56086613,56158626,56158727,56304369,56304672,56419509,56602521,56603026,56704733,56923600,56923903,56924509,70760802,70760903,70761307,70761509,71296405,71296607,71296708,71341552,71341754,71341855,71387406,71392456,71392658,71392759,71393163,71393365,71492042,71492244,71492547,71492749,71492850,71552844,71552945,71553046,71750703,71751208,71751410,71767469,72001183,72001284,72123292,72372964,72418010,72418212,72607082,72607284,72607385,72607486,72607587,72662329,72665965,72708284,72742321,72742422,72760198,72761006,72761107,72761410,72761713,72761814,72800093,72800194,72800396,72833019,72970278,73077944,73078045,73078146,73440130,73440231,73444675,73444776,73444978,73445079,73445180,73445281,73445382,73445483,73445685,73581126,73869178,73869279,73869380,73869481,74222476,74222577,74222779,74222981,74223082,74223183,74223587,74223789,74223890,74223991,74276511,74277016,74297317,74297418,74477299,74477602,74477804,74478309,74546585,74546686,74547292,74622537,74623042,74692530,74781410,74781511,88536196,88536297,88547205,88547306,88572758,88573869,88671738,88796069,88796473,88967769,88968173,89226430,89263901,89264002,89298342,89387020,89387222,89425198,89462265,89462568,89462972,89463073,89463174,89463477,89609220,89609826,89610028,89623663,89706584,89857579,90110887,90369750,90370962,90867276,90867478,90967872,90967973,91082507,91082608,91083517,91102505,91103111,91217241,91217847,91351268,91351571,91352682,91762338,91763045,91763146,91763348,91763449,91763550,91763954,91764055,91764560,91816171,91816272,91907879,92121393,92121999,92122100,92268449,92311879,92312182,92388538,92388639,92726282,92726484,92899497,92899699,92899901,93436918,93437827,93642453,93642756,93642857,93643160,93643362,93643463,93643564,93987368,94030798,94030899,94055442,94056957,94057058,94085742,94085843,94149675,94150786,94150887,94184621,94184722,94184924,94185025,94185126,94185227,94501054,94501256
52,25149,26159,26260,83527,83931,84032,134027,134128,134229,253611,253712,258055,258156,284517,284618,284719,284820,284921,285123,327038,327139,327240,458540,538633,538734,538936,676902,677003,678922,679124,679225,735785,735987,772347,772448,773256,773660,773761,773963,774064,941421,944148,944350,944552,944653,944754,944956,945057,1068277,1275731,1275832,1275933,1276034,1276135,1276438,1276539,1464399,1505910,1506112,1506213,1545603,1545805,1555097,1616909,1617010,1617212,1617313,1664076,1664177,1674580,1674681,1727100,1784266,1784670,1917384,1917485,1960612,1960713,1968389,1978489,2199881,2199982,2200083,2200285,2595498,2819516,2819617,2823758,2823960,2834363,2834565,2875268,2875369,2875975,2876783,2883449,2884560,2884661,2884863,3141908,17943862,17977899,17978101,18075162,18075263,18138590,18163436,18211411,18211916,18212017,18223127,18223228,18246963,18247064,18247266,18298372,18298574,18298978,18299079,18316249,18317158,18317259,18317360,18369981,18425228,18425632,18425733,18425834,18429672,18429773,18429874,18429975,18431288,18431389,18431591,18474213,18501180,18501887,18501988,18502089,18502291,18502392,18502594,18502695,18562386,18562689,18562790,18618340,18618441,18666315,18666416,18666719,18666820,18732167,18764689,18788929,18790343,18790444,18790545,18795898,18795999,18796100,18796201,18868012,18869022,18883364,18921542,18921744,18921946,19019815,19054155,19054256,19054660,19054963,19092333,19112331,19112432,19112836,19112937,19113038,19113240,19113442,19281203,19281405,19281607,19281809,19282011,19283526,19283728,19291404,19291505,19291606,19456135,19456539,19456640,19465528,19465831,19465932,19466134,19505019,35318892,35574220,35574422,35574725,35574927,35575028,35583613,35583916,35584320,35676129,35676331,35676432,35692491,35692592,35692794,35692996,35883583,35883684,35898228,35898329,35904591,35904692,35904894,35905601,35955899,35956101,35956404,35956505,35956606,36037204,36071140,36071241,36071645,36104672,36104773,36104874,36161232,36173857,36173958,36246880,36253142,36253445,36253546,36290815,36290916,36303137,36341618,36342022,36343436,36417166,36417267,36558566,36558768,36649062,36649870,36664010,36664111,36681382,36681988,36823590,36824600,36824701,36824903,36922772,37045689,37156890,37156991,37276373,37276474,37277484,37277686,37287786,37287887,37288190,37288594,37288796,37288998,37289402,37289503,37289907,37290513,37351416,37351517,37351618,37351719,37351921,37352123,37352224,37352325,37352426,37364748,37364950,37412218,37448174,37448477,37448679,37493220,37583716,37584827,37585130,53022374,53033787,53033989,53034494,53034898,53153068,53153270,53153371,53153472,53485358,53489903,53490004,53490610,53612214,53612315,53613931,53614133,53614234,53735636,53735737,53736141,53736848,53737353,53872390,53873299,53873501,53926021,53926122,53926324,54001872,54002074,54002175,54046918,54047423,54047726,54047827,54047928,54048029,54236495,54236596,54236697,54338707,54385066,54385167,54412134,54412235,54441222,54441323,54504650,54504852,54504953,54506064,54506165,54506266,54506367,54649383,54706044,54706145,54706246,54706347,54711296,54732910,54882491,54882592,54882895,54883097,54883198,54939253,54939354,54939455,54939556,54939758,54940364,54940465,54940566,55168927,55169129,55169230,55169331,55169432,55169533,55226598,55258918,55259120,55259524,55259726,55260534,55289622,55290127,55290228,55290329,55389410,55389511,55399712,55400419,55400520,55422942,55424356,55424861,55496066,70688688,70688890,70689092,70689193,70695253,70722119,70722220,70722321,70722422,70760600,70760701,70761004,70761105,70761408,70783729,70783830,70784032,70784133,70784537,70784638,70807464,70807565,71090365,71090668,71090769,71132583,71132684,71132886,71133189,71133290,71133391,71169347,71296506,71341350,71341653,71341956,71387709,71387810,71387911,71392355,71392557,71393466,71492143,71506283,71506384,71552541,71552642,71552743,71553349,71574761,71574862,71574963,71654248,71654349,71654450,71750602,71750804,71751107,71751309,71751511,71751612,71751713,71767368,71767570,71893820,72017040,72018151,72063904,72122989,72123090,72123191,72123393,72212475,72373065,72417303,72417404,72418313,72418414,72418717,72418818,72537089,72606779,72606880,72606981,72607688,72661723,72662026,72662127,72662228,72662430,72665864,72666066,72675964,72676065,72676166,72676267,72676772,72708385,72742220,72742523,88279050,88321874,88322076,88322379,88322985,88349144,88349245,88546700,88546801,88547104,88547407,88547811,88572556,88572657,88573162,88573970,88574071,88574172,88639620,88644872,88671637,88671940,88678303,88678404,88678505,88678707,88679111,88679212,88764254,88795968,88866264,88866365,88949892,88950094,88950195,88967668,88967870,88967971,88968274,89226026,89226127,89226632,89233197,89245216,89245317,89245418,89245519,89245822,89246327,89247135,89264103,89276324,89298140,89298241,89298443,89299049,89299150,89299453,89381364,89381566,89386818,89387121,89387626,89387727,89387828,89418431,89418734,89462164,89462467,89463275,89463376,89534480,89600837,89608513,89608614,89608715,89609018,89609119,89609725,89610129,89623360,89623461,89624269,89624370,89624471,89695171,89706483,89706685,89726279,89726481,89748903,89840914,89841015,89857276,89857478,89857680,89857882,90065437,90065538,90110786
51,9898,9999,10100,26462,46561,46763,47470,64539,64640,83325,83426,83628,83830,84133,84739,94536,115746,127260,127462,127967,133724,133825,133926,253308,253510,253813,253914,257752,257853,258358,284416,285022,285325,326735,326836,326937,327644,330876,458439,458641,458742,458843,458944,459045,459146,538431,539037,539138,550551,551056,581154,676599,676700,676801,677104,723362,735684,772549,772650,772953,773155,784568,784669,797799,941320,941522,943542,943845,944047,944249,944451,944855,945158,945360,988891,988992,989093,989194,989295,1021716,1021817,1030099,1067974,1068075,1068176,1068378,1079387,1220181,1238361,1245128,1271388,1271691,1272600,1272701,1272903,1275630,1276236,1276337,1276741,1276842,17736408,17736509,17760648,17835994,17836196,17836297,17861547,17861749,17884373,17884474,17884575,17943963,17977495,17977596,17977697,17977798,17978000,17978202,18075364,18108593,18138489,18162123,18162527,18162628,18162729,18163739,18164042,18211007,18245549,18245650,18246761,18246862,18247367,18247468,18247670,18298271,18298473,18298776,18299180,18316148,18317461,18317562,18346852,18369274,18369678,18370183,18425127,18425935,18426036,18429167,18429470,18429571,18430884,18430985,18431490,18431692,18432601,18453306,18454215,18460477,18462093,18462194,18474314,18474819,18475425,18475526,18475627,18501079,18502190,18549458,18549559,18563093,18618542,18618643,18666214,18666618,18666921,18667224,18667325,18667426,18722471,18722572,18722673,18722875,18731965,18732066,18732268,18732874,18732975,18764588,18764790,18764992,18788222,18788323,18790646,18795292,18795393,18795494,18795595,18796302,35303540,35303641,35304449,35304550,35304853,35318185,35318690,35319397,35319599,35342526,35421407,35430194,35523619,35531194,35574119,35575331,35575432,35575533,35575735,35575836,35583411,35583512,35583714,35583815,35584421,35631891,35631992,35632093,35632194,35676028,35676230,35676533,35676634,35676735,35692895,35693097,35693198,35693299,35766928,35883280,35883482,35884088,35898531,35903884,35904793,35905904,35941658,35941759,35941860,35941961,35955697,35955798,35956202,35956303,35957010,36031548,36037103,36052354,36052455,36052657,36052758,36071039,36071746,36091946,36104571,36105278,36105379,36161131,36161333,36173756,36174665,36174766,36247082,36247385,36252536,36252738,36252839,36252940,36253243,36253344,36253647,36290714,36291017,36292633,36302935,36303036,36303339,36303541,36303642,36343537,36351415,36417368,36459586,36558465,36558869,36648153,36649668,36649769,36663909,36670777,52995710,52996720,53001669,53002679,53002780,53002881,53022071,53022273,53022475,53034595,53034696,53034797,53034999,53044493,53044594,53044796,53152866,53152967,53153573,53153674,53163875,53163976,53196195,53196296,53256896,53256997,53257199,53257300,53257401,53298407,53306184,53363249,53364360,53366986,53367087,53367188,53485459,53488893,53489196,53489802,53498084,53498185,53585146,53613527,53613729,53614032,53614840,53736444,53736545,53737454,53861482,53871986,53872087,53872188,53872289,53873804,53874006,53925516,53925718,53925819,53925920,54001670,54001973,54003084,54030152,54046615,54047524,54047625,54048130,54048231,54048433,54048635,54048736,54138929,54236798,54236899,54237202,54295681,54295782,54336889,54338606,54338808,54340727,54340929,54383854,54384864,54384965,54412336,54412437,54440717,54504448,54548686,54548787,54600499,54649484,54650191,54650797,54690288,54690692,54705943,70658186,70678083,70678184,70688587,70688991,70695152,70721917,70722523,70722624,70722826,70734744,70755853,70755954,70760499,70761610,70783628,70783931,70784234,70784335,70784436,70784739,70799283,70800394,70800596,70807363,70838471,70838572,70838774,70958560,70958762,71070165,71070266,71090264,71090870,71132482,71132785,71132987,71133088,71133492,71296001,71296102,71296203,71296304,71296809,71335088,71340946,71341047,71341148,71341249,71341451,71387305,71388214,71391648,71391749,71391850,71391951,71392153,71392254,71392961,71491941,71492951,71506182,71551531,71552440,71553248,71553652,71553854,71554258,71554359,71554662,71554763,71554864,71554965,71574559,71574660,71639199,71654147,71654551,71655561,71666772,71666873,71749592,71749693,71749794,71750198,71750299,71750400,71750501,71750905,71751006,71767267,71893719,71893921,72000981,72001082,72001789,72016737,72016838,72017141,72017747,88278848,88278949,88321773,88321975,88322177,88322278,88322581,88348336,88348437,88348538,88536398,88536499,88546599,88546902,88547508,88547609,88547710,88547912,88548013,88548114,88572455,88572859,88573061,88573465,88573768,88574273,88574374,88639216,88639519,88639721,88644973,88645074,88672142,88672748,88672849,88673051,88673152,88678606,88706179,88706280,88756073,88763648,88764153,88764355,88764557,88795867,88796574,88849498,88865860,88866163,88890908,88891009,88891110,88909391,88909492,88909593,88926157,88949690,88949791,88950296,88954134,88955952,88967264,88967365,88967466,88968375,88977263,89013926,89014027,89014128,89014229,89039681,89039984,89049175,89049276,89182596,89226531,89226733,89233096,89244408,89244509,89244711,89245115,89246024,89246125,89246226,89264204,89276425,89276627,89298544,89337732,89381263,89381465,89387929,89388030,89388131,89388232,89418027,89418128,89418633
50,9494,9595,9696,9797,24543,24644,24745,25048,26361,38380,38481,38986,46460,46662,47066,47167,47369,47773,47975,48076,48177,48278,48379,65347,83224,83729,84234,84335,84436,84537,84638,84840,94132,94637,115039,115140,115544,115645,115847,127058,127159,127361,127563,133421,134330,162408,162509,173215,173316,219372,219473,253409,254318,257045,257146,257550,257651,258459,258560,258661,261893,261994,262297,262398,262499,283709,284315,285426,285527,285628,285729,285931,286032,326331,326432,326533,327745,330977,342087,345622,362186,377639,459247,459348,459853,460257,460358,515201,515302,537522,538027,538330,539239,550450,550652,550955,551157,557318,557419,569135,17653891,17701563,17710552,17735701,17736004,17736206,17736307,17736610,17760547,17760749,17836095,17836398,17836499,17861850,17862153,17862456,17862557,17866294,17884272,17884777,17917097,17943458,17943660,17943761,17944165,17977394,18025672,18026581,18026682,18026783,18048700,18048801,18049003,18053346,18053447,18057487,18057588,18075061,18075465,18076879,18077081,18077182,18092231,18092534,18092837,18092938,18108088,18108189,18108492,18138287,18138388,18138691,18138792,18138893,18138994,18151013,18162022,18162224,18162426,18162830,18163537,18163638,18163941,18223026,18223329,18245448,18245751,18245852,18245953,18246054,18247165,18247569,18255245,18280899,18281808,18297968,18298069,18298170,18298675,18305139,18305240,18315946,18316047,18346448,18346549,18346751,18369173,18369577,18399776,18399978,18424723,18424824,18426137,18430076,18430783,18431793,18432096,18432298,18432399,18432500,35303338,35303439,35303742,35303944,35304045,35304146,35304348,35304651,35304752,35304954,35317983,35318084,35318286,35318387,35318488,35318589,35319296,35319498,35319700,35346162,35347071,35421609,35421710,35428376,35428477,35428780,35429992,35430093,35430295,35430396,35430497,35430598,35431608,35431709,35519882,35519983,35523215,35523316,35523720,35573917,35574018,35575230,35575634,35583108,35592299,35595632,35595733,35595834,35595935,35596036,35596137,35611994,35632295,35632396,35632497,35632598,35642799,35675927,35676836,35691481,35692289,35692390,35745819,35745920,35766625,35767029,35804399,35804500,35840254,35871463,35871564,35883179,35883381,35894794,35898430,35898632,35898733,35903581,35903783,35905702,35905803,35906005,35933376,35940850,35941557,35942062,35956707,35956808,35956909,35957111,35957212,35975897,35975998,35976099,36016398,36031750,36031851,36037305,36052859,36052960,52995609,52995811,52996821,53001568,53001770,53002578,53002982,53003285,53021869,53021970,53022172,53033282,53033686,53044695,53054290,53158320,53162865,53163269,53164077,53164784,53196599,53196700,53196801,53197104,53197205,53257098,53257502,53257603,53257704,53296791,53297397,53297902,53298003,53298306,53347998,53348099,53363148,53363552,53363754,53363956,53364057,53364259,53364461,53364865,53365875,53365976,53366178,53367693,53367794,53367895,53393549,53393751,53393852,53395468,53396579,53485257,53485560,53488792,53488994,53489297,53489499,53489600,53489701,53490711,53490812,53497074,53497175,53497377,53497478,53498286,53498387,53579086,53584540,53584641,53584843,53585247,53594236,53594337,53594438,53595246,53612113,53613628,53614335,53614436,53614638,53614739,53615042,53735434,53735535,53736242,53736343,53737555,53783308,53805730,53809770,53809871,53860876,53861078,53861179,53861280,70605363,70605464,70623240,70657479,70657681,70657782,70658085,70673437,70677982,70678285,70689294,70689395,70689496,70689597,70695051,70695354,70722018,70722725,70734441,70734643,70734845,70735249,70735350,70753934,70754237,70754338,70754439,70754540,70756055,70761812,70761913,70762014,70762418,70762519,70762620,70762721,70773326,70783527,70791001,70791102,70798879,70798980,70799182,70799586,70800293,70800495,70800697,70800798,70807767,70807868,70807969,70838269,70838370,70838673,70868973,70911595,70958661,70958863,71020170,71020372,71069660,71069761,71070367,71089961,71090062,71090163,71090466,71090971,71091173,71091476,71091577,71091981,71098142,71098344,71098445,71106929,71107535,71107636,71107737,71133593,71133694,71133795,71133997,71134098,71169246,71169448,71202273,71202475,71280245,71280346,71295900,71296910,71297011,71301657,71301758,71323271,71325291,71325392,71325493,71334785,88272081,88279151,88279252,88321672,88322480,88322682,88322783,88322884,88323086,88348740,88348841,88348942,88349043,88401664,88417723,88422874,88452770,88465294,88465395,88465597,88465698,88466506,88486504,88493170,88535994,88536095,88536600,88547003,88566698,88566799,88566900,88567001,88567102,88572354,88572960,88573364,88573566,88573667,88595685,88596089,88596594,88596695,88601543,88601644,88601846,88627500,88627601,88627702,88638610,88638711,88639014,88639317,88639418,88639822,88644569,88644771,88654669,88671536,88672041,88672647,88672950,88678202,88678808,88679010,88679313,88679414,88679616,88705876,88706078,88706381,88750316,88755972,88756174,88756275,88763749,88763951,88764456,88768496,88774455,88796675,88849599,88849700,88865759,88865961,88866062,88866466,88888080,88889696,88890302,88890706,88890807,88891918,88901311,88925450,88925652,88925753,88926056,88926258,88926359,88926460
49,8585,8686,8787,8888,8989,9292,9393,10201,24240,24341,24442,24846,24947,26563,37673,37774,38279,38784,39087,46864,46965,47268,47571,47672,47874,48480,56863,64438,64741,64842,64943,65044,65145,65448,75952,83022,84941,89284,89385,89486,93930,94233,94334,94435,114736,114837,115241,115342,115443,126957,127866,128068,128169,132815,133522,133623,134431,134532,162206,162307,162610,162711,173417,173518,194526,194728,194829,194930,219069,219271,219574,253207,254015,254116,254217,256641,256742,256944,257247,257449,262600,262903,263004,263408,267145,267246,275831,276740,276841,276942,277043,277245,283608,283911,284012,285830,286133,286335,326129,326230,17653689,17653992,17691968,17692069,17693685,17697624,17701462,17701664,17701765,17710451,17727722,17734691,17735398,17735600,17735802,17735903,17736105,17736711,17736812,17736913,17737519,17737620,17737721,17737822,17760446,17760850,17773172,17773273,17773374,17776606,17776707,17776808,17800947,17835691,17835893,17840135,17861446,17861951,17862052,17862254,17862355,17862658,17862759,17883868,17884171,17884676,17884878,17884979,17917198,17943357,17943559,17944064,17944266,17978808,18018804,18025470,18025571,18026884,18026985,18053548,18053649,18056376,18057285,18057386,18074960,18075566,18075768,18076576,18076677,18076778,18076980,18077283,18077384,18086171,18092332,18092433,18092635,18093039,18093241,18093342,18107987,18108290,18108391,18108694,18108795,18108896,18108997,18130106,18130409,18138186,18139095,18150912,18151114,18162325,18162931,18163335,18163840,18164143,18164244,18210098,35303843,35304247,35316569,35316670,35317781,35317882,35318993,35319094,35319195,35319801,35319902,35320003,35342627,35346061,35346263,35346364,35346465,35346566,35346667,35346768,35346970,35347172,35407368,35421306,35421508,35421811,35428679,35429790,35429891,35431406,35431507,35431810,35438678,35479987,35521599,35523417,35523518,35530891,35531093,35531295,35531901,35532002,35550990,35551293,35551394,35573412,35573816,35575129,35575937,35582704,35582906,35583007,35583209,35583310,35584522,35584623,35591188,35592198,35592400,35592602,35595531,35596238,35596642,35596945,35600379,35608459,35631790,35632800,35642698,35642900,35643001,35676937,35691380,35691582,35691683,35710469,35720367,35745314,35745415,35745516,35745617,35745718,35746021,35746425,35747132,35766019,35766120,35766524,35766726,35766827,35767130,35799551,35803995,35804197,35804298,35804601,35804904,35805308,35827326,35839446,52978742,52978843,52995508,52996013,52996114,52996215,52996316,52996518,52996619,52996922,52997023,53001366,53001467,53001871,53002275,53002376,53002477,53003083,53003184,53022576,53026414,53026515,53027222,53027323,53035100,53044392,53044897,53053886,53053987,53054088,53054189,53054391,53054492,53054997,53055098,53055805,53070854,53070955,53152765,53153775,53158017,53158118,53162562,53162966,53163067,53163370,53163572,53163673,53163774,53164178,53164885,53195286,53195791,53195993,53196094,53196397,53196498,53196902,53197003,53197306,53197407,53197710,53198114,53198215,53210638,53256694,53256795,53257805,53258108,53258209,53258310,53296387,53296488,53296589,53296690,53296993,53297498,53297599,53297700,53298104,53298205,53298508,53305982,53306083,53306285,53306386,53306487,53319011,53343756,53348200,53363653,53363855,53364158,53364562,53364966,53365168,53365269,53365471,53365572,53366077,70623139,70623341,70623745,70623846,70623947,70646369,70646470,70646773,70647076,70657580,70658287,70658388,70673336,70673538,70677679,70677881,70678386,70688486,70689698,70689799,70694950,70695455,70701919,70702020,70702424,70721816,70722927,70723028,70723129,70724139,70733936,70734037,70734340,70734542,70734946,70735047,70735148,70735451,70735552,70753833,70754035,70754136,70754742,70755247,70755449,70755651,70755752,70756257,70760398,70761711,70762216,70762317,70762822,70773124,70773427,70773528,70773629,70782921,70783325,70783426,70784840,70784941,70799081,70799384,70799485,70799687,70799788,70799889,70800091,70800192,70807262,70807666,70838168,70838875,70867963,70869074,70911393,70911494,70932603,70933411,70933512,70933613,70933714,70941693,70941895,70958459,70960176,71008757,71009363,71020069,71020271,71020473,71020574,71024412,71024614,71026331,71069458,71069559,71069963,71070064,88271980,88278646,88278747,88279454,88321571,88323187,88348235,88348639,88349346,88384090,88384191,88384797,88384999,88392978,88401563,88401765,88401967,88402270,88402371,88403684,88417521,88417824,88422672,88422773,88423480,88428833,88430449,88430550,88448831,88449740,88449841,88452871,88452972,88465092,88465496,88465799,88465900,88466405,88466607,88486302,88486403,88486605,88487211,88493069,88529126,88529227,88535893,88536802,88546397,88546498,88548215,88548316,88548417,88566092,88566597,88573263,88574475,88574576,88574677,88595584,88595786,88595887,88595988,88596493,88596796,88596897,88597099,88597200,88601240,88601341,88601442,88601745,88601947,88602048,88616592,88626894,88626995,88627096,88627197,88627298,88627399,88627803,88627904,88637802,88638509,88638812,88639115,88639923,88640125,88644266,88644468,88644670,88654366,88654568,88654770,88671334,88671435,88672243,88672344,88672445
48,2424,8181,8484,9191,10302,24139,26664,37370,37875,37976,38178,38582,38683,38885,39289,46359,48581,48682,56964,57065,57166,57267,57469,64337,65246,65549,65650,65852,76053,82921,83123,89587,93829,94031,94738,111807,115948,116251,132714,132916,133320,134633,148874,148975,149076,172710,173114,173619,175942,194627,195031,218766,218968,219170,219675,234421,234522,234623,252096,252197,252298,252904,253106,254419,254823,255025,255227,255328,256439,256540,256843,258762,258863,261590,261792,262095,262196,263307,263509,266236,266539,266640,266741,266943,267347,275124,275326,275427,275629,275730,275932,277144,277346,277750,278053,278154,281588,281689,283810,284113,17653588,17653790,17654093,17692170,17693584,17693786,17697725,17698028,17698331,17701866,17707219,17707320,17707421,17710249,17710350,17710653,17710754,17710855,17727621,17727924,17733277,17733378,17733479,17734792,17734893,17734994,17735297,17735499,17737014,17737115,17754184,17754285,17754386,17760244,17760345,17772970,17773475,17773677,17773778,17776909,17800745,17800846,17801048,17836600,17839731,17839832,17840034,17840236,17840337,17840438,17861345,17865991,17866193,17883767,17883969,17884070,17885080,17889120,17889221,17889322,17889423,17916491,17916996,17942044,17942145,17943256,17944367,17963557,17963759,17963860,17963961,17964062,17964163,17964264,17977192,17977293,17978303,17978606,17978707,18018299,18018905,18025773,18025874,18025975,18026177,18026278,18026379,18026480,18027086,18039307,18039408,18039812,18041933,18048397,18048498,18048902,18049104,18049205,18049306,18053144,35305055,35315054,35315155,35317377,35320104,35326366,35326568,35327780,35329598,35330406,35340708,35341011,35341314,35341516,35342425,35345859,35345960,35347273,35347374,35355959,35360302,35379290,35379997,35380098,35380199,35382320,35386057,35386259,35402621,35402722,35402823,35402924,35407166,35407267,35421003,35421104,35421912,35428275,35428578,35429689,35430699,35431103,35431911,35432113,35438173,35438476,35438577,35438779,35438880,35468877,35470594,35470796,35480088,35480290,35480391,35481098,35497056,35499682,35500995,35519781,35520084,35520185,35521498,35521700,35523013,35523114,35523821,35524932,35525033,35530689,35530992,35531497,35531598,35531800,35532103,35551091,35551192,35551495,35568564,35573513,35573614,35573715,35576038,35576139,35576240,35576341,35582805,35584724,35584825,35590279,35591087,35592097,35592501,35592703,35595430,35596541,35596743,35597046,35600177,35600278,52956522,52978641,52978944,52982277,52982378,52982479,52995104,52995205,52995306,52995407,52995912,52996417,52997225,53001063,53001164,53001265,53001972,53002073,53003386,53022677,53026313,53026616,53027424,53027525,53028232,53028434,53028535,53029242,53029343,53029444,53029545,53029646,53032878,53032979,53033080,53033181,53033383,53033585,53035201,53035302,53035403,53053078,53054593,53054694,53054795,53054896,53055704,53055906,53071056,53071157,53076106,53081762,53081863,53085600,53085903,53097316,53097518,53118425,53151856,53152563,53152664,53153876,53153977,53157916,53158219,53158421,53162461,53162663,53162764,53163168,53163471,53164279,53164481,53164582,53164683,53165592,53174076,53174480,53174581,53174682,53192256,53192357,53192458,53192761,53192862,53195084,53195185,53195387,53195488,53195690,53195892,53197508,53197609,53197811,53197912,53198013,53198316,53199427,53199528,53210436,70605262,70605565,70615463,70623038,70623442,70623543,70623644,70624048,70624149,70624250,70630209,70630310,70646268,70646571,70646672,70646874,70647177,70657883,70657984,70658489,70658590,70658691,70659499,70671417,70671922,70672528,70672831,70672932,70673033,70673134,70673235,70673639,70673740,70677578,70677780,70678487,70681315,70681416,70688082,70688183,70688284,70690405,70690809,70690910,70694849,70695556,70701818,70702222,70702323,70702525,70702626,70721210,70721311,70721715,70723230,70724038,70733835,70734138,70734239,70735653,70736057,70741713,70752621,70752823,70752924,70753025,70753530,70753631,70754641,70754843,70755348,70756156,70756358,70756560,70760297,70762115,70762923,70772922,70773023,70773225,70782618,70785042,70787567,70787769,70790900,70791304,70791708,70791809,70791910,70792011,70797465,70798677,70798778,70799990,70801000,70807161,70808070,70808171,70808272,70837461,88259557,88266930,88267233,88267334,88267637,88267738,88267940,88268748,88272182,88278545,88279353,88279555,88279656,88279757,88279959,88280060,88321470,88323490,88347528,88358638,88358941,88359042,88359143,88373081,88373182,88373283,88375707,88383585,88383686,88383787,88383888,88383989,88384292,88384595,88384696,88384898,88385100,88392675,88392776,88393079,88393180,88393281,88394089,88401866,88402068,88402169,88408532,88417622,88422571,88422975,88423379,88428934,88429035,88429237,88429742,88429843,88429944,88430247,88430348,88439438,88439539,88448629,88448730,88449134,88449538,88449639,88449942,88452669,88453073,88465193,88466001,88466708,88481353,88481555,88481656,88481757,88484787,88484888,88485090,88485191,88485696,88485797,88485898,88485999,88486100,88486706,88486807,88487817,88492261,88492362,88492463,88492564,88492968,88493271,88493473,88529328,88529631,88529732,88530035,88534075
47,2323,2525,8080,8282,8383,9090,24038,26765,26866,26967,36562,36663,37168,37269,37471,37572,38077,39188,39390,39592,48783,49490,49591,49793,49894,49995,50096,50197,57368,64236,65751,65953,76154,76255,82820,85042,89082,89183,89688,89991,90092,90193,90294,93122,93223,93324,93526,93627,93728,111706,114534,114938,116049,116150,116352,126856,127664,127765,128270,128371,132512,132613,133017,134734,148773,149480,153116,162812,171902,172609,172811,172912,173013,173821,176043,194324,194425,195132,196344,196647,218564,218665,218867,220382,233310,234320,234724,234926,251894,251995,252399,252601,252702,252803,253005,254520,254722,254924,255126,255530,17653487,17654194,17691867,17692675,17692776,17693382,17693483,17693887,17697523,17697927,17698129,17698230,17701361,17702068,17702573,17707118,17707522,17707623,17726712,17726914,17727217,17727318,17727419,17727520,17732974,17733075,17733580,17733681,17734388,17734489,17734590,17735095,17735196,17737216,17737317,17737418,17754083,17754487,17760951,17761052,17772364,17772869,17773071,17773576,17775192,17775293,17775394,17775596,17776505,17777111,17777212,17777313,17789231,17800139,17835388,17835489,17835590,17835792,17836701,17839630,17839933,17840539,17862860,17865486,17865587,17865688,17865789,17866092,17866395,17866496,17866698,17883666,17885181,17889524,17889625,17889726,17889928,17898412,17898614,17899725,17909017,17909219,17909320,17916390,17916592,17916794,17916895,17917299,17917400,17917501,17941943,17942246,17942347,17942650,17942852,17942953,17944468,17963456,17973758,17973859,35303136,35303237,35305156,35305257,35305459,35305560,35305661,35306570,35307681,35307883,35314549,35314953,35315256,35315357,35315458,35315559,35315761,35315862,35315963,35316064,35316468,35316771,35317276,35317478,35317579,35317680,35320205,35321114,35321821,35325053,35325154,35326467,35327376,35327477,35327578,35328184,35328588,35330507,35340607,35340809,35341617,35342324,35342728,35345556,35345657,35345758,35346869,35355757,35355858,35356060,35359999,35360201,35360403,35360504,35379189,35379391,35379492,35379593,35380300,35380906,35381007,35382219,35382421,35382623,35382724,35385956,35386158,35389592,35401611,35402116,35402419,35402520,35403025,35403126,35403227,35406762,35406964,35407469,35410297,35410398,35410499,35420700,35420801,35420902,35421205,35422417,35422821,35428174,35428881,35429487,35430800,35431204,35431305,35437971,35438072,35468978,35469281,35469382,35470695,35470897,52956623,52956825,52957835,52957936,52977732,52977833,52978237,52979045,52979146,52979348,52980459,52982075,52982176,52982580,52982681,52982782,52982883,52983388,52987428,52997124,53000962,53002174,53007123,53012173,53021768,53022778,53025404,53026212,53026919,53027020,53027121,53028333,53029949,53030050,53030151,53033484,53035504,53043483,53043584,53044998,53051866,53052068,53052169,53052270,53052371,53052977,53053179,53053684,53053785,53055199,53055300,53055401,53055502,53055603,53056007,53056108,53057724,53057825,53058835,53058936,53059138,53070652,53070753,53076005,53076207,53081560,53081964,53082166,53082772,53085499,53087721,53089438,53092670,53097417,53097619,53097720,53097821,53109739,53111254,53118526,53118627,53139231,53139332,53139433,53140645,53151755,53152058,53152159,53152260,53152361,53152462,53154078,53154280,53154482,53154886,53157209,53158522,53158623,53158724,53158825,70605161,70609100,70614655,70622735,70630108,70630411,70640208,70646167,70646975,70647278,70647379,70647783,70656772,70656873,70657277,70657378,70658792,70658893,70658994,70659196,70659297,70659398,70659600,70663337,70670912,70671114,70671215,70671316,70671720,70671821,70672629,70672730,70673841,70674043,70674144,70677477,70687577,70688385,70689900,70690304,70690506,70690607,70694647,70694748,70702121,70702727,70702828,70708282,70714039,70721008,70723634,70723735,70723836,70723937,70724240,70736158,70736259,70736360,70741612,70741915,70745551,70749288,70752520,70752722,70753429,70753732,70754944,70755045,70755146,70755550,70756661,70757368,70757469,70760196,70767165,70767266,70767367,70767569,70773730,70773831,70773932,70774033,70781406,70781507,70782517,70782719,70782820,70783022,70785143,70787668,70787870,70787971,70790799,70791203,70791405,70791506,70800899,70801101,70808373,70808474,88259153,88259254,88259658,88266122,88266728,88267031,88267132,88267435,88267839,88268041,88268849,88271576,88271778,88271879,88272283,88273394,88273596,88273697,88279858,88307936,88317026,88321369,88323288,88323389,88323591,88326722,88342276,88348134,88349447,88349851,88357729,88357830,88357931,88358739,88358840,88359244,88372980,88373384,88375606,88375808,88375909,88376010,88376515,88383484,88384494,88385201,88385403,88385504,88385605,88385807,88392574,88392877,88393584,88393887,88393988,88394190,88401361,88401462,88402472,88402573,88402674,88403583,88403785,88408633,88416915,88417016,88417925,88423076,88423177,88423278,88423581,88428732,88429136,88429338,88430045,88430146,88430651,88439337,88439943,88441357,88448528,88448932,88449033,88449235,88449336,88461557,88466203,88466304,88466910,88481454,88482969,88484585,88484989,88485292,88486201,88486908,88487009,88487110,88487312,88487413
46,2222,2727,2828,3131,7979,10403,36057,36158,36764,36865,36966,37067,39491,46258,49288,49389,49692,50298,50399,56762,57570,57671,58378,61812,63731,63832,63933,64135,66054,75346,75750,75851,76356,82719,88981,89789,89890,90496,93425,94839,111605,111908,114433,114635,120493,126755,132411,133219,146147,149177,149278,149379,149581,149682,152813,152914,153015,160388,160893,160994,161802,162105,163014,163115,163216,166246,172003,172508,173922,175538,175841,176144,176245,176548,190991,192708,194223,195233,195435,195536,195637,196142,196243,196445,196546,196748,196849,203313,203414,208262,219776,219877,220079,220180,220281,220483,233209,233411,233613,234017,17652578,17652679,17653285,17653386,17657729,17657830,17657931,17661870,17661971,17691564,17691766,17692271,17692473,17692574,17692877,17693281,17693988,17697321,17697422,17697826,17698432,17698836,17699644,17701058,17701159,17701260,17701967,17702472,17702674,17703280,17703381,17706714,17706815,17706916,17707017,17707724,17707825,17710148,17710956,17726510,17726611,17726813,17727116,17727823,17728025,17732873,17733176,17733782,17734186,17734287,17737923,17738024,17753982,17754588,17759638,17759840,17759941,17761153,17761355,17772465,17772566,17772768,17773980,17774485,17774990,17775091,17775495,17776101,17776404,17777010,17789130,17789332,17789433,17789534,17799735,17799836,17800038,17800240,17800341,17800442,17800543,17800644,17801149,17801250,17801452,17801553,17801654,17810138,17810239,17834782,17834883,17835287,17836802,17836903,17850437,17853669,17859527,17861244,17862961,17863062,35303035,35305358,35305762,35305964,35306267,35306368,35306772,35307782,35307984,35308085,35309398,35309701,35309802,35309903,35310812,35311014,35314347,35314448,35315660,35317175,35320912,35321013,35321215,35321518,35321720,35321922,35324750,35324851,35324952,35325255,35325356,35325962,35326164,35326265,35326669,35326972,35327174,35327275,35327679,35327881,35327982,35328285,35328386,35328689,35328790,35328891,35329295,35330002,35330103,35330608,35339496,35339597,35339698,35340203,35340506,35340910,35341415,35341718,35341819,35341920,35342223,35342829,35345354,35345455,35347475,35356161,35360100,35379694,35380401,35380502,35380704,35380805,35382118,35382522,35382825,35386360,35389491,35389693,35401308,35401409,35402217,35402318,35406560,35406661,35406863,35407065,35410196,35410903,35422013,35422518,35422720,35422922,35427063,35427366,35427467,35427770,35427871,35427972,35428073,35428982,52957027,52957128,52957229,52957330,52957532,52957633,52965814,52976217,52976318,52976419,52976722,52978136,52978439,52978540,52979247,52980055,52980560,52980661,52981974,52983085,52983287,52983489,52983590,52987327,52990256,52997326,53000861,53003487,53003588,53003790,53007729,53009042,53010759,53010860,53010961,53012072,53012274,53017324,53021162,53021263,53021667,53025505,53025606,53026111,53026717,53027626,53028636,53028838,53029040,53029141,53029747,53029848,53030252,53035706,53036009,53039342,53043382,53043685,53043786,53044291,53045099,53051058,53051967,53052472,53052674,53052775,53052876,53053280,53056512,53056916,53057017,53057219,53057421,53057623,53057926,53058734,53059037,53059441,53059542,53059845,53060754,53070147,53071258,53075904,53079843,53080954,53081459,53081661,53082065,53082267,53082671,53082873,53085398,53085701,53085802,53086105,53087317,53087418,53087519,53087620,70604656,70606676,70606777,70606878,70608797,70608898,70608999,70613847,70613948,70614049,70614251,70614554,70614756,70615362,70615564,70615968,70622836,70622937,70624351,70625361,70625462,70629906,70630007,70630512,70631421,70635865,70635966,70639804,70639905,70640410,70645965,70646066,70656570,70656671,70656974,70657075,70657176,70659095,70663236,70663438,70663539,70670710,70670811,70671013,70671518,70671619,70672023,70672326,70672427,70673942,70674245,70674548,70674649,70674750,70676770,70677376,70678588,70678689,70681214,70681517,70685355,70685456,70685759,70687476,70687678,70687981,70690001,70690203,70690708,70691011,70695657,70695758,70695859,70695960,70702929,70703030,70703232,70703333,70708181,70708383,70713736,70713837,70713938,70714140,70720907,70721109,70721412,70721513,70721614,70723331,70723432,70723533,70733431,70733734,70735754,70735855,70735956,70736461,70736562,70741410,88258951,88259052,88259355,88259456,88259759,88260062,88262385,88262688,88262991,88266627,88266829,88267536,88268142,88268243,88268445,88268546,88268950,88271677,88272384,88272485,88272586,88273293,88273495,88273798,88274909,88278343,88278444,88280161,88280464,88307835,88326621,88341670,88342175,88342377,88342579,88342680,88342781,88343589,88347124,88347225,88347427,88347629,88347730,88348033,88349548,88349750,88349952,88350356,88350457,88357527,88357628,88358032,88358133,88358537,88359345,88365708,88368839,88372879,88375000,88375101,88375202,88375303,88375404,88375505,88376414,88382878,88382979,88383383,88384393,88385302,88385706,88385908,88386009,88392473,88393382,88393483,88393685,88393786,88394291,88399341,88399442,88399543,88403078,88403280,88403482,88403886,88403987,88408229,88408431,88408734,88417420,88418935,88421258,88421763,88422066,88422268,88422369,88422470,88428631,88429439
45,2121,2626,3030,4444,4545,4848,4949,5151,23937,27068,35653,35754,35855,35956,36360,36461,39996,40097,46157,48884,49187,50500,50601,53631,56459,56661,57772,58075,58176,58277,58479,58883,61711,61913,63630,64034,66155,66256,66559,74841,75144,75649,82618,85143,85244,85345,88880,90395,90698,92920,94940,95041,105343,105444,111504,112110,112817,112918,113423,113524,113625,113928,114029,116453,117160,120392,120594,126452,126654,128472,132310,133118,134835,134936,145339,145440,145541,145642,145743,145945,146046,147258,147359,147561,148167,148369,148470,148571,148672,149783,149985,152611,152712,153217,153318,153419,160085,160287,160489,160590,17652376,17652477,17652780,17652982,17653083,17653184,17654295,17654396,17657527,17657628,17660759,17660860,17662072,17662173,17691362,17691463,17691665,17692372,17692978,17693079,17693180,17694089,17694190,17694291,17694392,17694493,17697220,17698533,17698634,17698735,17698937,17699442,17699543,17699745,17699947,17700351,17702169,17702270,17702371,17706613,17710047,17711057,17714592,17715198,17715400,17722470,17726409,17727015,17732671,17732772,17733883,17733984,17734085,17738125,17738327,17738428,17753679,17753881,17759234,17759739,17760042,17760143,17761254,17772263,17773879,17774586,17774889,17775697,17776303,17777414,17781353,17781454,17781555,17785696,17788827,17788928,17789029,17789635,17799937,17801351,17801755,17801856,17802058,17808017,17808118,17808219,17808926,17810340,17813875,17814582,17831651,17831752,17832560,17834681,17834984,17835186,17840640,17845892,17850235,17850336,35302934,35305863,35306065,35306469,35306974,35307580,35308388,35309600,35310711,35311115,35311216,35311317,35311418,35314751,35316165,35316266,35316367,35316872,35320306,35320811,35321316,35321619,35322023,35325558,35325760,35326770,35326871,35327073,35328083,35328487,35328992,35329396,35329497,35329699,35330204,35330305,35330911,35339799,35339900,35340102,35340304,35340405,35341112,35341213,35342122,35354242,35354444,35355252,35355656,35356262,35356464,35357171,35359898,35360605,35366766,35366867,35367473,35379088,35379795,35379896,35380603,35381108,35382926,35383027,35383128,35383835,35383936,35385754,35385855,35386461,35386562,35389390,35401005,35401207,35401510,35401712,35401813,35401914,35402015,35405954,35406055,35406459,35407570,35408782,35408883,35408984,35409085,35410095,35410802,35411004,35419690,35420599,35422114,35422215,35422316,35422619,35427164,35427265,35427669,35432315,52956118,52956219,52956320,52956421,52956724,52956926,52957431,52957734,52958441,52965915,52967632,52967733,52967935,52968036,52976015,52976116,52976520,52976621,52977126,52977631,52977934,52978035,52978338,52979449,52979550,52980156,52980358,52982984,52983186,52983691,52983994,52984095,52986721,52986923,52987226,52990155,52995003,52997427,53000760,53003689,53003891,53007022,53007224,53007527,53007628,53007830,53007931,53008133,53008234,53008840,53011062,53011668,53012375,53012779,53017223,53021061,53021364,53022879,53022980,53023081,53023283,53023384,53025303,53025707,53025808,53026010,53026818,53027727,53027828,53027929,53028030,53028131,53028737,53028939,53032777,53035605,53035908,53036110,53039443,53043180,53043281,53043887,53043988,53048230,53048331,53048432,53050957,53051159,53051260,53051563,53051664,53051765,53052573,53053381,53056209,53056310,53056613,53056714,53056815,53057118,70604555,70604757,70604858,70604959,70605060,70605666,70605868,70606373,70606575,70606979,70608292,70608494,70608595,70608696,70609201,70609302,70614150,70614352,70614453,70614857,70614958,70615059,70615160,70615261,70615867,70616069,70617483,70617584,70619200,70622129,70622634,70624452,70624553,70624957,70625058,70625159,70625967,70626068,70626371,70629704,70630613,70630714,70631522,70631623,70634855,70635057,70635562,70635764,70636572,70639703,70640006,70640107,70640309,70640511,70640612,70645864,70647480,70647581,70647682,70653742,70655358,70656469,70659701,70661115,70662630,70662832,70664448,70664650,70670306,70670508,70670609,70672124,70674346,70674447,70676669,70676871,70677275,70680305,70680406,70681113,70681820,70681921,70682022,70682123,70685254,70685557,70685658,70685860,70687375,70687779,70687880,70690102,70691112,70694445,70694546,70696263,70701717,70703131,70708080,70708787,88258648,88258850,88260264,88260769,88260870,88262486,88262587,88262890,88263092,88263799,88264809,88265920,88266021,88268344,88268647,88269051,88270667,88271475,88272687,88273091,88273192,88273899,88275010,88275111,88278242,88280262,88280363,88280565,88288342,88298846,88299553,88300260,88300361,88307633,88307734,88308037,88308239,88312683,88312885,88312986,88313491,88316218,88316723,88316824,88316925,88317127,88317228,88321268,88323692,88326520,88326823,88326924,88341266,88341367,88341569,88341771,88341872,88341973,88342074,88342882,88343286,88347326,88347831,88349649,88350053,88350154,88350255,88357426,88358335,88358436,88359446,88360759,88365506,88365607,88368738,88373485,88373586,88376212,88376313,88376616,88383080,88383181,88383282,88386110,88386211,88386615,88386918,88387019,88394695,88399240,88399644,88399947,88400048,88400149,88400755,88400957,88401260,88402775,88402876,88402977
44,2020,2929,3232,3333,3434,3737,4040,4141,4242,4343,4646,4747,5050,5252,5757,10504,14544,14645,19291,19594,19695,20604,20705,20806,29492,29593,35552,36259,39693,39895,46056,48985,49086,50702,51611,51712,52823,53429,53530,53732,55550,55954,56055,56358,56560,57974,58580,58681,58984,59085,60398,60802,61610,62014,63529,66458,66660,74336,74437,74639,74740,74942,75043,75245,75548,76457,77972,79790,79891,88476,90597,90799,91102,91203,93021,97768,103626,104737,105545,105646,111403,112009,112413,113120,113322,113827,114130,114231,116655,116756,116857,117059,117261,117463,118473,118574,118675,118776,119079,119180,17652073,17652275,17658032,17660658,17660961,17661769,17662274,17667425,17671869,17672980,17673081,17673182,17678333,17678535,17682676,17682777,17684494,17684595,17699240,17699341,17699846,17700048,17700250,17700452,17700957,17702775,17703078,17703179,17703482,17703684,17705502,17705603,17705704,17706007,17706512,17708734,17708835,17709946,17711158,17711461,17714188,17714289,17714491,17714693,17714895,17714996,17715097,17715299,17715501,17715602,17721460,17722369,17722571,17722672,17726308,17728126,17732570,17738226,17752568,17752669,17753578,17753780,17754689,17755699,17756002,17757416,17757517,17759133,17759335,17759436,17759537,17761456,17767516,17768223,17772162,17772667,17774081,17774182,17774283,17774384,17774687,17774788,17775798,17776000,17776202,17778727,17780343,17780545,17780747,17780848,17780949,17781656,17785797,17785999,17789736,17789938,17799634,17803674,17807916,17808421,35302631,35302833,35306166,35306671,35306873,35307075,35307176,35307479,35308186,35308287,35308691,35308994,35309196,35309297,35309499,35310004,35310105,35310913,35314246,35314650,35314852,35316973,35320407,35320609,35320710,35321417,35324649,35325457,35325659,35325861,35326063,35329194,35329800,35329901,35330709,35330810,35331012,35331113,35331517,35331618,35331719,35339294,35339395,35342021,35342930,35345253,35354141,35354343,35355555,35356666,35359090,35360706,35366665,35366968,35367069,35367271,35367372,35367574,35367776,35378987,35381209,35381411,35381916,35382017,35384037,35384138,35384239,35385451,35385552,35385653,35386663,35387976,35388077,35389188,35389289,35389794,35395854,35397470,35401106,35403328,35403631,35403732,35405247,35405853,35406156,35408075,35408176,35409186,35409287,35410600,35410701,35411105,35419589,35419791,35423023,35425649,35426053,35426861,35426962,35427568,52956017,52958037,52958138,52958239,52958542,52960865,52964905,52965006,52965309,52965612,52965713,52966319,52966420,52966925,52967026,52967127,52967531,52967834,52968137,52968238,52968440,52968541,52968642,52974702,52974803,52974904,52976823,52976924,52977025,52977227,52977328,52977530,52979651,52979954,52980257,52980762,52980863,52980964,52981065,52983792,52983893,52986822,52987024,52987529,52988842,52988943,52989044,52989145,52990357,53000659,53006820,53006921,53007325,53007426,53008032,53008537,53008739,53008941,53009143,53009244,53009345,53010557,53010658,53011163,53011264,53011769,53011870,53011971,53012678,53012880,53017122,53017425,53017627,53018132,53018233,53018334,53018435,53020556,53020657,53020758,53020859,53020960,53021465,53021566,53023182,53023586,53024091,53025202,53025909,53030353,53030555,53030656,53032676,53035807,53039140,53039241,53039544,53039645,53039847,53043079,70605767,70606171,70606272,70606474,70608191,70608393,70609403,70610110,70610413,70610514,70612332,70613140,70613241,70613746,70615665,70617382,70617685,70618897,70619099,70622331,70622432,70622533,70624654,70624755,70624856,70625260,70625563,70626169,70626270,70626472,70628189,70628290,70628391,70629199,70629603,70629805,70630815,70631017,70631118,70631320,70631724,70631926,70632027,70634653,70634956,70635158,70635259,70635461,70635663,70636067,70636168,70636673,70645763,70647884,70647985,70653540,70653641,70654651,70654752,70654853,70655156,70656368,70661216,70661317,70662327,70662428,70662529,70662731,70662933,70663034,70663135,70663640,70663842,70663943,70664044,70664145,70664246,70664347,70664549,70664751,70664953,70670205,70670407,70672225,70674851,70676467,70676568,70678790,70679497,70679598,70679699,70679901,70680002,70680103,70680204,70680911,70681012,70681618,70682224,70684143,88258749,88259860,88259961,88260163,88260365,88260668,88260971,88261880,88261981,88262284,88262789,88263698,88263900,88264001,88264708,88264910,88265011,88265314,88265819,88266223,88266425,88266526,88269152,88270768,88270869,88270970,88271071,88271374,88272788,88274000,88274808,88275212,88275313,88275414,88278040,88278141,88280666,88280767,88280868,88288039,88288140,88288241,88298947,88299351,88299452,88299654,88300159,88307330,88307431,88307532,88308138,88308340,88308946,88309350,88309653,88311067,88311168,88311875,88311976,88312077,88312582,88312784,88313390,88315814,88316117,88316622,88317733,88318137,88321066,88321167,88323793,88323894,88325005,88325106,88326318,88326419,88335509,88335610,88335913,88336014,88336115,88340862,88341468,88342478,88342983,88343084,88343488,88343690,88343791,88343993,88344296,88344397,88347023,88347932,88350558,88358234,88360860,88360961,88361062,88365405
43,1515,1717,1919,3535,3939,5353,5454,5555,5656,5858,6161,7878,14443,19392,19493,20503,21008,23735,23836,27169,27371,29694,29795,39794,40198,41410,41713,51409,51510,52520,52621,52722,52924,53328,53833,55348,55449,55651,55752,55853,56156,56257,57873,58782,60196,60297,60499,60701,60903,61105,61307,61509,62216,66357,67266,67973,68074,68175,68276,69387,71508,74538,75447,76558,78073,79487,79689,79992,81608,81810,81911,82517,85446,88072,88173,88274,88375,88577,88779,90900,92819,97869,100697,103727,104636,105242,105747,105848,105949,111302,112211,112312,112514,112615,112716,113019,113221,113726,114332,116554,17652174,17652881,17654497,17657022,17657224,17657426,17658133,17658234,17660052,17660153,17661062,17661163,17661567,17661668,17667526,17671768,17672374,17672677,17672778,17672879,17673283,17677222,17678232,17683080,17683181,17683383,17683989,17684191,17684696,17687322,17687423,17691261,17694594,17697119,17699038,17699139,17700149,17700553,17700654,17702876,17702977,17703583,17703785,17706108,17707926,17708633,17708936,17709744,17709845,17711259,17711360,17711562,17714087,17714390,17714794,17720854,17721359,17722773,17722874,17722975,17726106,17726207,17728227,17728328,17731762,17732065,17732267,17738630,17738731,17738832,17747013,17751255,17752467,17753275,17753376,17753477,17754790,17755396,17755497,17755598,17755800,17755901,17757315,17757618,17761557,17762062,17762264,17767415,17767617,17768122,17768324,17768425,17769334,17772061,17777616,17778929,17780242,17780444,17780646,17781050,35302530,35302732,35307277,35307378,35308489,35308590,35308893,35310307,35310408,35310509,35310610,35311519,35311620,35311721,35312125,35313842,35314145,35317074,35320508,35322932,35323033,35323336,35324144,35329093,35331214,35331315,35331921,35336062,35336163,35340001,35345152,35347576,35354040,35354545,35355151,35355353,35355454,35356363,35356565,35356868,35356969,35357070,35357272,35357373,35357878,35358888,35359797,35360807,35360908,35361514,35366564,35367170,35367675,35367978,35368483,35368584,35381310,35381512,35383229,35383330,35383633,35383734,35384340,35385350,35386764,35386865,35386966,35387370,35387673,35387774,35387875,35388178,35390097,35390198,35395955,35397369,35397571,35400904,35403429,35403530,35403833,35404540,35405045,35405146,35405348,35405449,35406358,35407671,35408277,35409994,35411206,35419488,35420195,35420397,35420498,35425548,35425750,35425952,35426356,35426558,52955714,52955815,52958340,52958643,52960057,52960158,52960562,52961269,52961370,52961471,52961572,52964198,52964299,52964501,52964804,52965107,52965208,52965410,52966016,52966117,52966218,52966521,52967228,52967430,52968339,52968743,52974601,52975005,52975106,52975409,52975510,52975712,52975813,52975914,52977429,52979752,52979853,52981772,52981873,52984297,52987125,52988034,52988337,52988438,52988539,52988640,52988741,52989650,52990054,52990458,52997528,53000558,53003992,53006719,53008335,53008436,53008638,53009446,53010355,53010456,53011466,53012476,53012577,53012981,53013082,53016415,53016819,53016920,53017526,53017728,53017930,53018031,53020354,53020455,53023485,53023687,53023990,53024192,53024293,53030454,53030858,53030959,53031060,53031161,53036211,53037120,53037221,53037625,53037726,53038332,53038433,53038635,53038837,53038938,53039039,53039746,53039948,53045301,53045402,53046412,70604454,70605969,70606070,70607282,70607383,70607484,70607686,70609504,70609605,70610009,70610312,70610817,70611120,70612231,70612433,70612736,70613443,70613544,70613645,70615766,70616170,70617786,70617887,70618796,70618998,70619301,70621927,70622028,70622230,70625664,70625866,70626573,70627280,70628088,70628694,70629098,70629300,70629401,70629502,70630916,70631219,70631825,70634754,70635360,70636269,70636370,70636471,70638996,70639602,70640713,70648086,70648187,70653843,70654348,70654449,70655055,70655257,70655459,70659802,70660509,70661014,70661418,70661620,70665054,70669700,70669801,70669902,70670003,70674952,70676366,70676972,70677073,70677174,70679093,70679800,70680507,70681719,70682325,70684951,70687072,70691213,70691415,70691516,70694142,70696364,70701414,70703535,70706363,70706464,70706868,70706969,70707474,70707676,70707979,70708585,70708686,70708888,70709494,70709797,70709898,88257941,88258547,88260466,88260567,88261678,88261779,88262082,88263193,88265617,88265718,88266324,88269253,88269354,88270566,88271172,88272889,88272990,88274404,88274707,88275515,88280969,88284807,88285009,88286827,88288443,88294099,88294200,88298745,88299048,88299149,88300058,88300462,88300563,88300664,88300765,88300866,88303795,88303896,88304098,88305108,88305209,88306522,88307128,88307229,88308441,88308744,88308845,88309451,88309552,88309754,88310966,88311269,88311370,88311774,88312178,88312279,88312380,88312481,88313188,88313289,88314804,88314905,88315006,88315107,88315915,88316319,88316420,88316521,88317329,88317430,88317531,88317834,88318238,88323995,88324096,88325207,88326217,88327025,88327227,88328136,88328338,88328540,88335711,88336216,88336317,88340458,88340660,88340963,88341064,88341165,88343185,88343387,88343892,88344094,88344195,88344498,88357123,88357224,88357325,88359547
42,1414,1616,1818,3636,3838,5959,6060,6363,6464,6565,6666,6767,6868,10605,14342,14746,19089,19190,19796,20402,20907,21109,23432,23634,27270,29290,29391,35451,40299,40400,40501,41511,42218,42319,45955,50803,51813,52217,52318,52419,53025,53126,53227,54641,55045,55146,55247,59186,59893,60095,60600,61004,61206,62115,62317,62519,62721,63024,63226,63428,66761,67165,67367,67468,68377,68478,68579,69286,69488,70094,71407,72417,73831,73932,74235,76659,79184,79285,79588,80093,81709,85547,87870,87971,88678,91001,91304,91506,92617,92718,95142,96859,96960,97263,97364,97465,97667,97970,98374,98677,17651972,17654598,17656315,17656820,17657123,17657325,17658335,17658436,17659850,17659951,17660254,17660355,17660557,17661264,17661365,17661466,17662375,17662476,17667122,17667223,17667324,17671970,17672273,17672475,17672576,17673384,17673485,17677121,17677323,17677424,17678131,17678434,17678636,17682474,17682575,17682878,17682979,17683282,17684090,17684292,17684393,17684797,17685302,17687221,17687524,17691160,17694695,17694796,17694897,17696614,17696715,17696816,17696917,17697018,17700755,17700856,17705401,17705805,17705906,17706411,17708330,17708431,17708532,17709138,17715703,17720753,17720955,17721056,17721157,17721258,17721561,17721662,17721763,17721864,17721965,17722066,17722167,17722268,17723076,17723177,17726005,17728429,17728530,17731358,17731459,17731661,17731863,17731964,17732166,17732368,17732469,17738529,17738933,17739135,17739236,17741458,17741559,17747114,17747215,17751053,35302227,35308792,35309095,35310206,35312024,35312327,35313640,35313943,35314044,35322124,35323134,35323235,35323740,35323942,35324043,35324245,35324548,35331416,35331820,35332022,35335658,35336264,35336365,35336466,35336567,35339193,35343031,35343132,35347677,35347778,35353131,35353838,35354747,35354848,35354949,35355050,35356767,35357676,35357979,35358080,35358989,35359292,35359595,35359696,35361009,35361211,35361312,35361413,35361615,35361716,35364645,35366463,35367877,35368079,35368180,35368281,35368382,35378886,35381613,35381815,35384542,35384744,35384946,35385047,35387471,35388885,35388986,35389087,35389895,35389996,35390299,35395753,35396056,35396460,35396561,35397167,35397268,35397874,35399490,35400298,35400500,35400803,35404338,35404439,35404742,35404843,35404944,35405550,35405651,35405752,35406257,35407873,35407974,35408378,35408479,35408681,35409388,35409489,35409590,35409792,52953391,52953492,52953694,52954502,52955613,52955916,52958744,52958845,52959249,52959451,52959552,52959653,52959754,52959855,52959956,52960259,52960663,52960966,52961067,52961168,52964400,52964602,52964703,52965511,52966723,52966824,52974399,52974500,52975207,52975308,52975611,52981166,52981671,52984196,52984398,52986418,52986519,52986620,52987630,52987933,52988135,52988236,52989246,52989751,52994902,53000154,53000255,53000356,53004093,53006618,53009951,53010052,53011365,53011567,53013183,53016314,53016718,53017021,53017829,53018536,53018637,53023788,53023889,53025101,53030757,53031262,53032575,53036514,53036716,53037019,53037322,53037423,53037827,53038130,53038534,53038736,53040049,53042978,53045604,53046513,53046614,53047624,53048028,53049038,53049240,53049644,53049846,53050553,53050654,53058330,53060249,53061158,53061764,53061865,53062067,53063077,53063279,53063582,53063683,53063885,70604353,70607080,70607181,70607585,70607787,70608090,70609706,70609908,70610211,70610615,70610716,70610918,70611221,70612130,70612534,70612635,70612837,70613342,70617180,70617281,70617988,70618190,70618291,70619402,70625765,70627381,70627583,70627684,70627785,70627987,70628492,70628593,70628795,70632128,70632229,70634552,70636774,70638592,70638794,70638895,70639097,70639501,70640814,70645056,70645157,70645561,70645662,70653439,70653944,70654146,70654247,70654550,70654954,70655560,70655661,70655762,70655863,70655964,70656166,70656267,70659903,70660004,70660408,70660610,70660812,70660913,70661519,70661721,70662226,70663741,70664852,70665155,70670104,70678891,70678992,70679194,70679396,70684042,70684345,70685052,70686062,70686163,70686365,70686971,70691314,70691617,70694041,70696465,70697980,70698182,70698283,70698384,70699192,70701212,70703737,70707373,70707575,70707878,70709999,70712625,88255719,88257436,88257537,88257638,88257739,88257840,88258042,88261072,88261577,88262183,88263294,88263395,88263496,88263597,88264102,88264304,88264607,88265213,88265415,88270364,88270465,88271273,88274101,88274202,88274505,88275616,88277737,88277838,88277939,88281070,88281676,88281878,88284908,88285110,88286928,88287736,88287938,88288544,88291372,88293594,88293998,88297331,88297432,88297533,88298543,88298644,88299250,88299755,88299856,88299957,88300967,88301068,88301169,88303593,88303694,88304300,88304401,88305007,88305613,88306623,88306724,88307027,88308542,88309047,88309148,88309249,88310562,88311572,88311673,88313087,88313592,88314198,88314299,88315410,88315612,88315713,88316016,88317632,88317935,88318036,88320864,88320965,88324197,88324803,88324904,88325308,88325409,88325712,88326116,88327126,88327328,88328035,88328439,88328641,88328742,88328843,88329045,88335004,88335105,88335206
41,808,909,1010,1111,1313,6262,6969,7777,10807,10908,11009,11110,14241,17473,17574,17675,17776,18887,18988,19897,20099,20200,20301,21210,21311,23533,27472,29088,29189,34744,35350,40602,41107,41208,41309,41612,41814,41915,42016,42117,50904,51005,51106,51207,51308,51914,52015,54439,54540,54742,54843,54944,59994,61408,62418,62620,62822,62923,63125,63327,66862,66963,67064,67670,67771,67872,69084,69589,69690,71609,71710,73225,73326,73629,73730,74134,76760,76861,77063,77770,77871,78174,78376,78578,78679,79386,81204,81305,81406,81507,82012,82113,82416,85648,85749,85850,87466,87567,87668,87769,17651568,17651669,17651770,17651871,17654699,17654800,17656416,17656517,17656719,17656921,17658537,17658638,17660456,17663082,17663183,17663587,17663688,17663789,17663890,17666516,17666617,17666718,17667021,17667627,17671364,17671566,17672071,17672172,17673586,17673687,17673990,17674192,17675000,17676313,17678030,17678737,17681363,17682272,17682373,17683484,17684898,17685100,17685201,17685403,17685504,17687120,17688433,17690554,17690655,17691059,17695907,17696008,17696513,17703886,17706209,17706310,17708128,17708229,17709037,17709239,17709340,17709441,17709542,17709643,17711663,17711764,17713683,17713885,17713986,17715804,17716006,17716410,17723278,17725904,17728631,17731257,17731560,17739034,17741155,17741256,17741357,17741660,17741862,17741963,17742367,17742670,17746306,17746407,17746508,17746710,17746811,17746912,17747316,17747518,17750649,17750750,17750851,17751558,17751659,17751760,35302429,35311822,35311923,35312226,35312731,35312832,35312933,35313034,35313135,35313438,35313741,35322225,35322831,35323437,35323538,35323841,35324346,35324447,35332224,35335557,35335961,35336668,35343233,35344344,35344950,35345051,35352929,35353030,35353333,35353434,35353535,35353636,35353737,35353939,35354646,35357474,35357575,35357777,35358181,35359191,35359393,35359494,35361110,35361817,35361918,35364746,35364847,35365352,35366362,35368685,35378179,35378280,35378381,35378583,35381714,35384441,35384643,35384845,35387168,35387269,35387572,35388279,35388380,35388481,35388582,35388683,35388784,35390400,35390804,35391006,35391107,35391410,35391511,35391612,35392319,35392521,35395652,35396157,35397066,35397672,35397975,35398076,35398177,35398278,35399389,35399591,35399692,35400197,35400399,35400601,35403934,35404035,35404237,35404641,35407772,35408580,35409691,35411509,35411913,35412014,52953290,52953593,52953795,52953896,52954401,52954603,52954704,52954805,52954906,52955007,52955209,52955512,52958946,52959148,52959350,52960360,52960461,52960764,52961673,52964097,52966622,52967329,52968844,52968945,52969854,52974298,52981267,52981570,52984499,52986216,52986317,52987731,52989347,52989852,52989953,52990559,52990660,52997629,53000053,53000457,53004396,53004497,53004699,53006517,53009547,53009749,53009850,53010153,53010254,53013385,53013890,53016213,53016516,53018738,53019041,53019142,53020051,53020152,53020253,53024394,53024495,53024596,53031464,53032474,53036312,53036413,53036615,53036817,53036918,53037524,53038231,53040352,53040453,53041362,53042675,53042776,53042877,53046311,53046816,53047523,53048937,53049341,53049745,53050250,53061259,53061966,53063380,53063481,53067016,53067117,53067218,53067319,53067420,53067925,53068127,53068329,53068430,53068531,53069743,53069844,70607989,70609807,70611019,70611928,70612029,70613039,70616978,70617079,70618089,70618695,70621826,70626674,70626775,70626876,70627078,70627482,70627886,70628997,70632330,70632431,70634451,70636875,70638289,70638693,70639198,70640915,70641016,70641824,70641925,70644955,70645359,70649500,70653338,70654045,70660105,70661822,70662125,70665256,70667074,70669599,70675053,70675154,70675255,70675760,70676265,70679295,70680608,70680709,70680810,70682527,70684446,70684749,70684850,70686466,70686870,70691819,70696566,70698081,70698485,70698586,70698889,70698990,70699091,70699293,70701010,70701111,70706161,70706262,70707070,70707171,70707777,70710100,70710302,70712322,70714645,70714847,70714948,70716362,70716665,70718685,70720604,70724846,70724947,70726058,70726462,70726866,70726967,70729593,70730300,70730603,70731209,70731613,70732421,70733027,70738279,70739491,70739592,70739693,70739895,70739996,88255618,88255921,88256022,88256830,88256931,88257133,88257335,88258143,88258446,88264203,88264506,88265112,88265516,88270263,88274303,88274606,88276828,88277333,88277636,88281171,88281272,88281373,88281474,88281777,88283797,88284504,88284605,88284706,88285312,88285514,88285918,88286019,88286120,88286221,88286423,88286524,88286625,88287130,88287231,88287635,88287837,88291675,88293089,88293493,88293695,88293796,88294301,88294402,88294604,88298442,88301270,88302280,88302381,88302886,88302987,88303189,88303290,88303391,88303492,88303997,88304199,88304502,88306421,88306926,88308643,88309855,88309956,88310663,88310764,88310865,88311471,88313693,88313794,88313996,88314097,88314400,88314602,88314703,88315309,88315511,88324298,88324601,88324702,88325813,88325914,88327429,88327732,88328237,88328944,88336721,88336822,88337024,88337327,88339953,88340155,88344700,88344801,88345104,88345407,88345508
